{
	"auto_hide" : true,
	"backgroundColor" : "#00000000",
	"backgroundImagePosition" : "top left",
	"backgroundImageRepeat" : "repeat",
	"backgroundImageSize" : "auto",
	"backgroundImageUrl" : "",
	"backgroundStyle" : "",
	"click_through_all" : false,
	"click_through_shortcut" : "",
	"dragAlt" : false,
	"dragCtrl" : false,
	"dragShift" : false,
	"draggable_all" : true,
	"draggable_shortcut" : "",
	"hide_filter_condition" : 1,
	"manager_short_cut" : "",
	"no_focus_all" : false,
	"no_focus_shortcut" : "",
	"process_list" : [ "ffxiv.exe", "ffxiv_dx11.exe" ],
	"renderer" : 0,
	"resizeable_all" : true,
	"show_all" : true,
	"show_shortcut" : ""
}
